{
    "_vcsXpropConfigHelpler_": [
        "_vcsXpropConfigHelpler_",
        "h9gRh",
        "module",
        1
    ],
    "_vcs_unit__3508412806": [
        "_vcs_unit__3508412806",
        "uM5Kf",
        "module",
        2
    ],
    "std": [
        "std",
        "reYIK",
        "module",
        3
    ],
    "rv32im_types": [
        "rv32im_types",
        "f2NkS",
        "module",
        4
    ],
    "Pipeline_Reg": [
        "Pipeline_Reg",
        "Ucrcf",
        "module",
        82
    ],
    "PLRU": [
        "PLRU",
        "mxb7a",
        "module",
        83
    ],
    "lru_array": [
        "lru_array",
        "MUjze",
        "module",
        84
    ],
    "valid_array": [
        "valid_array",
        "nfytL",
        "module",
        85
    ],
    "pipelined_cache_0000": [
        "pipelined_cache_0000",
        "GAD63",
        "module",
        86
    ],
    "cache_controller": [
        "cache_controller",
        "hdzjH",
        "module",
        87
    ],
    "cdb": [
        "cdb",
        "JqSQt",
        "module",
        5
    ],
    "mult_div": [
        "mult_div",
        "rTdM7",
        "module",
        6
    ],
    "bmem_arbitor": [
        "bmem_arbitor",
        "bbPQQ",
        "module",
        79
    ],
    "cpu": [
        "cpu",
        "D7Gce",
        "module",
        7
    ],
    "load_store_addr_adder": [
        "load_store_addr_adder",
        "wHxMB",
        "module",
        8
    ],
    "rob": [
        "rob",
        "vtxDx",
        "module",
        9
    ],
    "branch_comp": [
        "branch_comp",
        "Ajvht",
        "module",
        10
    ],
    "load_store_rs": [
        "load_store_rs",
        "e4hUz",
        "module",
        11
    ],
    "regfile": [
        "regfile",
        "Nxspn",
        "module",
        12
    ],
    "instruction_queue": [
        "instruction_queue",
        "Lhfpy",
        "module",
        13
    ],
    "branch_rs": [
        "branch_rs",
        "MiyDI",
        "module",
        14
    ],
    "decoder": [
        "decoder",
        "zf0bY",
        "module",
        15
    ],
    "reservation_station": [
        "reservation_station",
        "WrN4M",
        "module",
        16
    ],
    "btb": [
        "btb",
        "hh8Zw",
        "module",
        80
    ],
    "mult_div_rs": [
        "mult_div_rs",
        "RezI4",
        "module",
        81
    ],
    "alu": [
        "alu",
        "C26kq",
        "module",
        17
    ],
    "cacheline_adapter": [
        "cacheline_adapter",
        "zGcCG",
        "module",
        19
    ],
    "load_store_queue": [
        "load_store_queue",
        "riAUb",
        "module",
        20
    ],
    "riscv_formal_monitor_rv32imc": [
        "riscv_formal_monitor_rv32imc",
        "FzPhp",
        "module",
        21
    ],
    "riscv_formal_monitor_rv32imc_rob": [
        "riscv_formal_monitor_rv32imc_rob",
        "YCm4N",
        "module",
        22
    ],
    "riscv_formal_monitor_rv32imc_isa_spec": [
        "riscv_formal_monitor_rv32imc_isa_spec",
        "ttIeC",
        "module",
        23
    ],
    "riscv_formal_monitor_rv32imc_insn_c_jr": [
        "riscv_formal_monitor_rv32imc_insn_c_jr",
        "HnVce",
        "module",
        24
    ],
    "riscv_formal_monitor_rv32imc_insn_c_li": [
        "riscv_formal_monitor_rv32imc_insn_c_li",
        "RAZKN",
        "module",
        25
    ],
    "riscv_formal_monitor_rv32imc_insn_c_lui": [
        "riscv_formal_monitor_rv32imc_insn_c_lui",
        "pz4HC",
        "module",
        26
    ],
    "riscv_formal_monitor_rv32imc_insn_c_lw": [
        "riscv_formal_monitor_rv32imc_insn_c_lw",
        "UbnvB",
        "module",
        27
    ],
    "riscv_formal_monitor_rv32imc_insn_c_lwsp": [
        "riscv_formal_monitor_rv32imc_insn_c_lwsp",
        "vwdp0",
        "module",
        28
    ],
    "riscv_formal_monitor_rv32imc_insn_c_mv": [
        "riscv_formal_monitor_rv32imc_insn_c_mv",
        "kytfs",
        "module",
        29
    ],
    "riscv_formal_monitor_rv32imc_insn_c_or": [
        "riscv_formal_monitor_rv32imc_insn_c_or",
        "iew89",
        "module",
        30
    ],
    "riscv_formal_monitor_rv32imc_insn_c_slli": [
        "riscv_formal_monitor_rv32imc_insn_c_slli",
        "xIPMR",
        "module",
        31
    ],
    "riscv_formal_monitor_rv32imc_insn_c_srai": [
        "riscv_formal_monitor_rv32imc_insn_c_srai",
        "CtQNG",
        "module",
        32
    ],
    "riscv_formal_monitor_rv32imc_insn_c_srli": [
        "riscv_formal_monitor_rv32imc_insn_c_srli",
        "WI2pU",
        "module",
        33
    ],
    "riscv_formal_monitor_rv32imc_insn_c_sub": [
        "riscv_formal_monitor_rv32imc_insn_c_sub",
        "DBvJv",
        "module",
        34
    ],
    "riscv_formal_monitor_rv32imc_insn_c_sw": [
        "riscv_formal_monitor_rv32imc_insn_c_sw",
        "QZKqK",
        "module",
        35
    ],
    "riscv_formal_monitor_rv32imc_insn_c_swsp": [
        "riscv_formal_monitor_rv32imc_insn_c_swsp",
        "V6fRP",
        "module",
        36
    ],
    "riscv_formal_monitor_rv32imc_insn_c_xor": [
        "riscv_formal_monitor_rv32imc_insn_c_xor",
        "kGCcH",
        "module",
        37
    ],
    "riscv_formal_monitor_rv32imc_insn_divu": [
        "riscv_formal_monitor_rv32imc_insn_divu",
        "ePiGc",
        "module",
        38
    ],
    "riscv_formal_monitor_rv32imc_insn_jal": [
        "riscv_formal_monitor_rv32imc_insn_jal",
        "N0LwG",
        "module",
        39
    ],
    "riscv_formal_monitor_rv32imc_insn_jalr": [
        "riscv_formal_monitor_rv32imc_insn_jalr",
        "i3isH",
        "module",
        40
    ],
    "riscv_formal_monitor_rv32imc_insn_lb": [
        "riscv_formal_monitor_rv32imc_insn_lb",
        "IZD2v",
        "module",
        41
    ],
    "riscv_formal_monitor_rv32imc_insn_lbu": [
        "riscv_formal_monitor_rv32imc_insn_lbu",
        "ZfWJr",
        "module",
        42
    ],
    "riscv_formal_monitor_rv32imc_insn_lh": [
        "riscv_formal_monitor_rv32imc_insn_lh",
        "grmDN",
        "module",
        43
    ],
    "riscv_formal_monitor_rv32imc_insn_lhu": [
        "riscv_formal_monitor_rv32imc_insn_lhu",
        "SYbiW",
        "module",
        44
    ],
    "riscv_formal_monitor_rv32imc_insn_lui": [
        "riscv_formal_monitor_rv32imc_insn_lui",
        "dBptt",
        "module",
        45
    ],
    "riscv_formal_monitor_rv32imc_insn_lw": [
        "riscv_formal_monitor_rv32imc_insn_lw",
        "vHeu2",
        "module",
        46
    ],
    "riscv_formal_monitor_rv32imc_insn_mul": [
        "riscv_formal_monitor_rv32imc_insn_mul",
        "Iu5rB",
        "module",
        47
    ],
    "riscv_formal_monitor_rv32imc_insn_mulh": [
        "riscv_formal_monitor_rv32imc_insn_mulh",
        "zhdFb",
        "module",
        48
    ],
    "riscv_formal_monitor_rv32imc_insn_mulhsu": [
        "riscv_formal_monitor_rv32imc_insn_mulhsu",
        "NAiud",
        "module",
        49
    ],
    "riscv_formal_monitor_rv32imc_insn_mulhu": [
        "riscv_formal_monitor_rv32imc_insn_mulhu",
        "BKfke",
        "module",
        50
    ],
    "riscv_formal_monitor_rv32imc_insn_or": [
        "riscv_formal_monitor_rv32imc_insn_or",
        "wU1Wy",
        "module",
        51
    ],
    "riscv_formal_monitor_rv32imc_insn_ori": [
        "riscv_formal_monitor_rv32imc_insn_ori",
        "kSwtt",
        "module",
        52
    ],
    "riscv_formal_monitor_rv32imc_insn_remu": [
        "riscv_formal_monitor_rv32imc_insn_remu",
        "VKPVa",
        "module",
        53
    ],
    "riscv_formal_monitor_rv32imc_insn_sb": [
        "riscv_formal_monitor_rv32imc_insn_sb",
        "uTK3S",
        "module",
        54
    ],
    "riscv_formal_monitor_rv32imc_insn_sh": [
        "riscv_formal_monitor_rv32imc_insn_sh",
        "RserB",
        "module",
        55
    ],
    "riscv_formal_monitor_rv32imc_insn_sll": [
        "riscv_formal_monitor_rv32imc_insn_sll",
        "ZaTJ5",
        "module",
        56
    ],
    "riscv_formal_monitor_rv32imc_insn_slli": [
        "riscv_formal_monitor_rv32imc_insn_slli",
        "TAS6j",
        "module",
        57
    ],
    "riscv_formal_monitor_rv32imc_insn_slt": [
        "riscv_formal_monitor_rv32imc_insn_slt",
        "nfPDh",
        "module",
        58
    ],
    "riscv_formal_monitor_rv32imc_insn_slti": [
        "riscv_formal_monitor_rv32imc_insn_slti",
        "DgvAM",
        "module",
        59
    ],
    "riscv_formal_monitor_rv32imc_insn_sltiu": [
        "riscv_formal_monitor_rv32imc_insn_sltiu",
        "abQY3",
        "module",
        60
    ],
    "riscv_formal_monitor_rv32imc_insn_sltu": [
        "riscv_formal_monitor_rv32imc_insn_sltu",
        "Fs81r",
        "module",
        61
    ],
    "riscv_formal_monitor_rv32imc_insn_sra": [
        "riscv_formal_monitor_rv32imc_insn_sra",
        "USkHR",
        "module",
        62
    ],
    "riscv_formal_monitor_rv32imc_insn_srai": [
        "riscv_formal_monitor_rv32imc_insn_srai",
        "xSFv5",
        "module",
        63
    ],
    "riscv_formal_monitor_rv32imc_insn_srl": [
        "riscv_formal_monitor_rv32imc_insn_srl",
        "sz6DN",
        "module",
        64
    ],
    "riscv_formal_monitor_rv32imc_insn_srli": [
        "riscv_formal_monitor_rv32imc_insn_srli",
        "YbLTr",
        "module",
        65
    ],
    "riscv_formal_monitor_rv32imc_insn_sub": [
        "riscv_formal_monitor_rv32imc_insn_sub",
        "miVs9",
        "module",
        66
    ],
    "riscv_formal_monitor_rv32imc_insn_sw": [
        "riscv_formal_monitor_rv32imc_insn_sw",
        "taMpY",
        "module",
        67
    ],
    "riscv_formal_monitor_rv32imc_insn_xor": [
        "riscv_formal_monitor_rv32imc_insn_xor",
        "VHIEf",
        "module",
        68
    ],
    "riscv_formal_monitor_rv32imc_insn_xori": [
        "riscv_formal_monitor_rv32imc_insn_xori",
        "LpW9x",
        "module",
        69
    ],
    "mem_itf_banked": [
        "mem_itf_banked",
        "ZptMH",
        "module",
        70
    ],
    "monitor_0000": [
        "monitor_0000",
        "sEdRI",
        "module",
        71
    ],
    "mon_itf": [
        "mon_itf",
        "esEc7",
        "module",
        72
    ],
    "top_tb": [
        "top_tb",
        "W0eJz",
        "module",
        73
    ],
    "mp_ooo_tag_array": [
        "mp_ooo_tag_array",
        "JnjIC",
        "module",
        88
    ],
    "mp_ooo_data_array": [
        "mp_ooo_data_array",
        "yeeve",
        "module",
        89
    ],
    "DW_mult_seq_0000": [
        "DW_mult_seq_0000",
        "a3QvA",
        "module",
        74
    ],
    "DW_mult_seq_0000_0000": [
        "DW_mult_seq_0000_0000",
        "JghhW",
        "module",
        75
    ],
    "DW_div_seq_0000": [
        "DW_div_seq_0000",
        "P8iEc",
        "module",
        76
    ],
    "...MASTER...": [
        "SIM",
        "amcQw",
        "module",
        77
    ]
}