{
    "valid[0]"     : "dut.monitor_valid",
    "order[0]"     : "dut.monitor_order",
    "inst[0]"      : "dut.monitor_inst",
    "rs1_addr[0]"  : "dut.monitor_rs1_addr",
    "rs2_addr[0]"  : "dut.monitor_rs2_addr",
    "rs1_rdata[0]" : "dut.monitor_rs1_rdata",
    "rs2_rdata[0]" : "dut.monitor_rs2_rdata",
    "rd_addr[0]"   : "dut.monitor_rd_addr",
    "rd_wdata[0]"  : "dut.monitor_rd_wdata",
    "pc_rdata[0]"  : "dut.monitor_pc_rdata",
    "pc_wdata[0]"  : "dut.monitor_pc_wdata",
    "mem_addr[0]"  : "dut.monitor_mem_addr",
    "mem_rmask[0]" : "dut.monitor_mem_rmask",
    "mem_wmask[0]" : "dut.monitor_mem_wmask",
    "mem_rdata[0]" : "dut.monitor_mem_rdata",
    "mem_wdata[0]" : "dut.monitor_mem_wdata"
}
